,Total Mentions
U Aung Min,8
U Aung Thaung,6
U Win Tun,4
U Thein Zaw,3
General Sao Khay Tai,3
U Ohn Myint,3
Maj-Gen Mya Tun Oo,2
Sao Khay Maung,2
Sao Khun Hsai,2
Col Aung Thu.,2
Sao Htin Mein,2
Dr. Tin Myo Win,1
Gen. Saw Mo Shay,1
Dr. Sui Khar,1
Pu Zing Cung,1
U Thein Sein,1
U Kyaw Win,1
Koon Abel Tweed,1
U Zein Khan Ram,1
Col. Saw Kyaw Dah,1
Kya Khunsa,1
Dr. May Win Myint,1
U Thu Wai,1
General Aung San,1
U Tun Mrat Naing,1
U Win Htun,1
Daw Khin Ma Ma Myo,1
Kya Sha Mwe,1
U Htone Phoo Dagon,1
Lian Hmung Sakhong,1
Lt-Gen Tin Maug Win,1
Hpon Da Shwin,1
Saw Mutu Say Po,1
Khaing Thuka,1
Sao Hsay Pein Pha,1
Lt-Col Zaw Naing Oo,1
U Tun Tun Oo,1
Khu Oo Re,1
Padoh Saw Ta Doh Moo,1
Lt. Col Khine Myo Chit,1
Maj. Gen. Min Naung,1
Htein Lin,1
U Hung Ngai,1
Pu Zin Cun,1
General Secretary Naw Zipporah Sein,1
U Twan Zaw,1
Khu Oo Reh,1
U Khin Maung Soe,1
Lt. Gen. Ye Aung,1
Maj. Gen. Tun Tun Naung,1
Maj. Gen. Aung Kyaw Zaw,1
U Myint Soe,1
Dr. Min Zaw Oo,1
Maj. Gen. Saw Isaac Poe,1
Maj. Gen. Saw Nay Soe Mya,1
Dr. Shwe Kah,1
Col. Saw Kyaw Than Htay,1
Lt. Col. Khun Aung Mang,1
Salai Yaw Aung,1
Col. Hsaung Han,1
Sai Liang,1
Col. Aung Lwin,1
U Khin Mg Soe,1
U Saw Mu Shay,1
Maj. Gen Saw Lar Pwe,1
U Sao Aung Myat,1
U Maung Maung Thein,1
Maj-Gen Aung Kyaw Zaw,1
Maj-Gen Zaw Win,1
U Soe Tint,1
Sao Khin Min,1
Sao Kyaw Hla,1
Sao Laung Khay,1
Lt. Gen. Ya Pyit,1
U Saw Lah Pwe,1
U Khun Okkar,1
U Khun Myint Htun,1
Nang Aye Aye Thwe,1
